"Negative keyword (paste into a shared negative list, broad match)"
free
cheap
jobs
job
careers
career
hiring
salary
wage
resume
cv
course
courses
class
classes
school
schools
college
university
training
certification
certificate
diploma
degree
student
students
exam
npte
assistant
pta
aide
volunteer
internship
practicum
recruiter
diy
exercises
stretches
youtube
video
videos
pdf
definition
meaning
what is
how to
wikipedia
reddit
naturopath
naturopathic
dietitian
nutritionist
aesthetic
botox
filler
cosmetic
prolotherapy
gla:d
dog
pet
horse
veterinary
equine
free physiotherapy
government physiotherapy
downtown
kitsilano
burnaby
richmond
surrey
coquitlam
langley
victoria
squamish
whistler
toronto
ontario